first,last
1011,1013
1017,1017
1026,1028
1041,1047
1101,1105
1117,1119
1131,1131
1151,1151
1153,1154
1156,1156
1454,1454
1601,1601
1611,1611
1613,1613
1681,1681
1688,1689
1695,1695
1702,1704
1746,1746
1755,1755
1790,1797
1812,1812
1817,1817
1821,1823
1831,1831
1834,1834
1841,1841
1851,1852
1921,1921
1934,1934
2023,2023
2262,2262
2266,2266
2282,2282
2284,2284
2288,2289
2371,2371
2374,2375
2391,2391
2404,2404
2408,2408
2411,2411
2471,2471
2491,2491
2495,2495
2497,2497
2516,2516
2521,2521
2595,2595
2632,2632
2641,2641
2651,2652
2661,2661
2665,2665
2711,2713
2716,2719
2721,2723
2729,2729
2731,2731
2741,2742
2761,2761
2809,2809
2811,2811
2872,2872
2913,2913
2921,2921
2935,2935
3079,3079
3196,3199
3371,3371
3417,3417
3431,3431
3436,3439
3442,3442
3445,3447
3449,3449
3454,3454
3461,3461
3511,3512
3521,3521
3526,3528
3533,3533
3545,3545
3565,3565
3721,3721
3791,3791
3813,3813
3831,3831
3833,3833
3861,3861
3871,3871
3896,3896
3898,3898
4538,4538
4761,4761
4782,4782
4791,4791
4877,4879
4901,4901
4906,4906
4921,4921
4941,4941
5145,5145
5151,5151
5253,5253
5342,5342
6001,6004
6006,6006
6014,6014
6021,6021
6026,6026
6031,6031
6037,6037
6041,6041
6045,6045
6101,6101
6171,6171
6181,6181
6199,6199
6231,6231
6301,6301
6361,6361
6411,6412
6419,6419
6443,6443
6445,6445
6515,6515
6546,6546
6604,6604
6662,6662
6666,6666
6669,6669
6673,6673
6681,6681
6691,6691
6816,6816
6824,6827
6831,6831
6833,6833
6836,6836
6842,6842
6851,6851
6883,6883
6903,6903
6921,6921
6931,6931
6991,6991
7462,7462
7511,7511
7514,7514
7521,7522
7571,7572
7575,7575
7582,7582
7591,7591
7602,7602
7949,7949
7951,7951
8024,8024
8028,8028
8446,8448
8466,8466
8471,8471
8501,8502
8881,8885
8891,8897
8899,8899
9101,9101
9161,9164
9166,9166
9401,9401
9479,9479
9607,9607
9615,9616
9618,9618
9623,9623
9711,9711
9721,9724
9731,9731
9751,9753
9756,9756
9804,9804
9901,9902
9932,9932
9934,9934
9936,9936
